Nadpis,Autor,Datum
"Töpfer: Už nechci hrát, Kriegl je má životní role. Jeho věznění jsme natáčeli v Buči, bylo to strašlivé",Karolína Minaříková Krupková,26. května 2023 12:00
Pasažér otevřel dveře letadla za letu. Po přistání ho zpacifikovala policie,Lidovky.cz,26. května 2023
"Stop favoritům Pavla na ústavního soudce. Výbor: Od Zemanové to bylo nekvalitní vystoupení, kroutili jsme hlavami",Dominik Stein,26. května 2023 13:00
"Rodná čísla se neruší, jen tlumí, řekl Bartoš. Zpochybnil cenu 56 miliard",Lidovky.cz,26. května 2023
"Vláda hledá zkratku k ovládnutí ČEZ. Menšinové akcionáře chce obejít způsobem, jaký nemá v Evropě obdoby",Roman Šitner,26. května 2023 5:00
"VIDEO: Ruskem otřásly další exploze, obytný dům v Krasnodaru zasáhl dron",ČTK,26. května 2023
Tajný tip na uvolnění bolavých zad. K protažení stačí „zásuvka“ a tlak ruky do boku,Kamila  Hudečková,26. května 2023 5:00
"Kašmírová podprsenka i móda nultých let. Co si Katie Holmesová oblékne, to ženy vykoupí za pár hodin",Karolína Minaříková Krupková,25. května 2023
Klíčový svědek z kauzy Dozimetr poprvé promluvil: Na mé blízké „dotíral“ Krejčířův muž,Martin Shabu,25. května 2023 18:30
"Anomálie na trhu s byty: ceny se hroutí, prodejci musí výrazně zlevňovat. Podle experta se to dlouho nemusí opakovat",Roman Šitner,22. května 2023 16:00
ANALÝZA: Putin zažil göringovskou chvíli. Co ukázal nájezd Rusů do Ruska,Milan Vodička,25. května 2023
TEST: Celoodpružená horská elektrokola přinášejí zábavu a hravost. Které vybrat?,"Lubor Severin, magazín Velo",24. května 2023
"Klíšťat je v kraji hodně, chránit se před nimi lidem pomáhá i nová aplikace",Jana Palkovská,26. května 2023
Češi poznají rakovinu z kapky krve. Včasné odhalení nemoci může zachránit život,Veronika  Rodriguez,25. května 2023 17:15
Jak vyzrát na „perverzní“ důchody? A co vám o nich ve škole neřekli? Přečtěte si manuál pro všechny generace,Lidovky.cz,24. května 2023
Policie viní muže z obřího požáru v Českém Švýcarsku. Hrozí mu 15 let,Monika Gordíková,26. května 2023
"Stop favoritům Pavla na ústavního soudce. Výbor: Od Zemanové to bylo nekvalitní vystoupení, kroutili jsme hlavami",Dominik Stein,26. května 2023 13:00
"Kvůli chybě při vyšetření se narodila postižená dcera, nemocnice bude platit",Lidovky.cz,26. května 2023
Mantinel pro prezidenta. Petr Pavel se musí naučit zákonům vlčí smčky,Zbyněk Petráček,26. května 2023
Po té baculce by se všichni utloukli. Americký prozaik čtenáře zavádí mezi pestrý lidský odpad,Ondřej Horák,26. května 2023 10:00
"Pokud dá Západ Ukrajině jaderné zbraně, udeříme první, hrozí Medveděv",Lidovky.cz,26. května 2023
"Kajínkova „zkušebka“ se chýlí ke konci, splnění podmínky musí potvrdit Pavel. Co s ním bude dál?",Magdaléna Komůrková,25. května 2023 11:25
"V Japonsku řádil ozbrojený muž, ubodal dvě ženy a zastřelil dva policisty",Lidovky.cz,26. května 2023
Zpíjení se namol v divadle příliš nevychází. Adaptace filmu Chlast ve Švanďáku zaujme až finální scénou,Jan Kerbr,26. května 2023 5:00
"Chce to českého trenéra, napsal Dědek. Za Jalonena se postavil i Pastrňák",Vojtěch Tůma,25. května 2023
"Pavel zbaví exkancléře Mynáře mlčenlivosti, vyhoví žádosti kontrarozvědky",Lidovky.cz,25. května 2023
"Červenka smutně pravil: Chceš jít dál, bojuješ, věříš. A my na to neměli",Šimon Tittel,26. května 2023
Jak vyzrát na důchody a ušetřit ohromné množství peněz? Odpověď má jen čtyři písmena,Petr Kamberský,17. května 2023 5:00
"Pád „letadla“ za 2,3 miliardy. Podvodem vylákali peníze i ze známých sportovců",Václav Janouš,26. května 2023
Na téměř vyprodané Iron Maiden do O2 areny zdarma! Získejte vstupenky v soutěži,iDNES.cz,19. května 2023
"Sto knih, které otřásly světem. Publikace představuje díla, která se „vyškrtávají“ z historie",Jan  Lukavec,23. května 2023 14:30
Legendární Judas Priest míří na turné i do O2 areny. Přednostní nákup vstupenek,Lidovky.cz,26. května 2023
"Zombie v ulicích. Česko se obává drogy, která je směsí heroinu, sedativ pro koně a fentanylu",Magdaléna Komůrková,15. května 2023 5:00
Vyrazte na výlet! Získejte slevu 500 Kč při nákupu letenek na Pelikan.cz,iDNES.cz,12. května 2023
"Nenápadné body, které mohou za bolest krční páteře. Jak uvolnit svalové napětí?",Kamila  Hudečková,25. května 2023 5:00
Osudový kostým. Z úboru soudružek i stenografek se stal symbol nebojácných žen,Karolína Minaříková Krupková,24. května 2023 12:00
V Koreji se běhá k doktorovi i s říznutím do prstu a ještě za to dostanete pochvalu. Jak se ale lékař vybírá?,Darina Ivanovová,23. května 2023
Tina Turnerová zažila lidské peklo i muzikantský ráj. První zkušenost měla z gospelového kostelního sboru,Ondřej Bezr,25. května 2023
"Film, o němž rozhodovaly české soudy. Muž, který stál v cestě dělá z komunisty Kriegla čistě kladnou postavu",Marcel Kabát,25. května 2023
Duchové a ochotníci řádí v pekárně. Klicperovo divadlo uvádí Levínského hru Celý život nestačí,Jana Machalická,25. května 2023 8:00
Krystaly na Evropské. Administrativní komplex společnosti KKCG se stal novou dominantou Prahy,Zdeněk Lukeš,26. května 2023 5:00
"Jak bude vypadat konec světa? Počítačová vědkyně si to otestovala na hráčích videohry, překvapilo ji málo vražd",Radek John,25. května 2023 15:45
Ředidlo spouští Parkinsonovu chorobu. Vědcům to potvrdily případy z vojenských základen,Jaroslav  Petr ,25. května 2023 14:30
"Šakal se ukázal Čechům, je adeptem na budoucí útočné vozidlo armády",iDNES.cz,26. května 2023
"Uprostřed domu mají patio se vzrostlým stromem, všude je tak světlo",Alena Řezníčková,26. května 2023
"Deset zabijáků erekce. Škodit může stres, kouření i kastrační partnerka",Petra Barochová,26. května 2023
"Jsme jako Charta 77, šokoval kápo ekoteroristů. Ne, jste extremisté, odpálil ho Macinka",Štěpán Karlesz,26. května 2023
Stupka: Kuchařovou by měli odvolat. Je homofobní a OSN by reprezentovat neměla,Anna-Marie Donkor,26. května 2023
"Alex Mynářová slaví 40 let: Cítím se lépe než ve třiceti, plastikám se chci vyhnout",Šárka Peková,25. května 2023
