Poradie,Nadpis
1,"Töpfer: Už nechci hrát, Kriegl je má životní role. Jeho věznění jsme natáčeli v Buči, bylo to strašlivé"
2,Pasažér otevřel dveře letadla za letu. Po přistání ho zpacifikovala policie
3,"Stop favoritům Pavla na ústavního soudce. Výbor: Od Zemanové to bylo nekvalitní vystoupení, kroutili jsme hlavami"
4,{NADPIS reklamního článku dlouhý přes dva řádky}
5,"Rodná čísla se neruší, jen tlumí, řekl Bartoš. Zpochybnil cenu 56 miliard"
6,"Vláda hledá zkratku k ovládnutí ČEZ. Menšinové akcionáře chce obejít způsobem, jaký nemá v Evropě obdoby"
7,"VIDEO: Ruskem otřásly další exploze, obytný dům v Krasnodaru zasáhl dron"
8,Tajný tip na uvolnění bolavých zad. K protažení stačí „zásuvka“ a tlak ruky do boku
9,Mantinel pro prezidenta. Petr Pavel se musí naučit zákonům vlčí smčky
10,"Kašmírová podprsenka i móda nultých let. Co si Katie Holmesová oblékne, to ženy vykoupí za pár hodin"
11,Klíčový svědek z kauzy Dozimetr poprvé promluvil: Na mé blízké „dotíral“ Krejčířův muž
12,"Anomálie na trhu s byty: ceny se hroutí, prodejci musí výrazně zlevňovat. Podle experta se to dlouho nemusí opakovat"
13,ANALÝZA: Putin zažil göringovskou chvíli. Co ukázal nájezd Rusů do Ruska
14,TEST: Celoodpružená horská elektrokola přinášejí zábavu a hravost. Které vybrat?
15,"Klíšťat je v kraji hodně, chránit se před nimi lidem pomáhá i nová aplikace"
16,Češi poznají rakovinu z kapky krve. Včasné odhalení nemoci může zachránit život
17,Jak vyzrát na „perverzní“ důchody? A co vám o nich ve škole neřekli? Přečtěte si manuál pro všechny generace
18,To nejzajímavější z Lidovek do vašeho e-mailu
19,Po té baculce by se všichni utloukli. Americký prozaik čtenáře zavádí mezi pestrý lidský odpad
20,"Pokud dá Západ Ukrajině jaderné zbraně, udeříme první, hrozí Medveděv"
21,"Kajínkova „zkušebka“ se chýlí ke konci, splnění podmínky musí potvrdit Pavel. Co s ním bude dál?"
22,"V Japonsku řádil ozbrojený muž, ubodal dvě ženy a zastřelil dva policisty"
23,Zpíjení se namol v divadle příliš nevychází. Adaptace filmu Chlast ve Švanďáku zaujme až finální scénou
24,Ukrajinské námořní drony ničí ruské válečné lodě
25,"Slováci chystají stop českým televizím, kvůli penězům i divákům. Upevňujeme jimi vztahy, varuje ministr Lipavský"
26,"Češi předčasně utíkají od penzijního spoření. Potřebují peníze na běžný život, vyplacení ale něco stojí"
27,"Vypnutí českých televizí na Slovensku? Lidé u nás obdivují zpravodajství ČT i Hercula Poirota, říká novinář Jaško"
28,"Chce to českého trenéra, napsal Dědek. Za Jalonena se postavil i Pastrňák"
29,"Pavel zbaví exkancléře Mynáře mlčenlivosti, vyhoví žádosti kontrarozvědky"
30,"Červenka smutně pravil: Chceš jít dál, bojuješ, věříš. A my na to neměli"
31,"Lex ČEZ. Čekejte problémy, ne levnou elektřinu"
32,Želvy nepatří do voliéry k papouškům. Stejně tak se některé děti nehodí na některé profese
33,Zelení Khmerové. Poslední generace narazila na německý právní stát
34,Jak vyzrát na důchody a ušetřit ohromné množství peněz? Odpověď má jen čtyři písmena
35,"Pád „letadla“ za 2,3 miliardy. Podvodem vylákali peníze i ze známých sportovců"
36,Na téměř vyprodané Iron Maiden do O2 areny zdarma! Získejte vstupenky v soutěži
37,"Sto knih, které otřásly světem. Publikace představuje díla, která se „vyškrtávají“ z historie"
38,Legendární Judas Priest míří na turné i do O2 areny. Přednostní nákup vstupenek
39,"Zombie v ulicích. Česko se obává drogy, která je směsí heroinu, sedativ pro koně a fentanylu"
40,Vyrazte na výlet! Získejte slevu 500 Kč při nákupu letenek na Pelikan.cz
41,"Nenápadné body, které mohou za bolest krční páteře. Jak uvolnit svalové napětí?"
42,Osudový kostým. Z úboru soudružek i stenografek se stal symbol nebojácných žen
43,V Koreji se běhá k doktorovi i s říznutím do prstu a ještě za to dostanete pochvalu. Jak se ale lékař vybírá?
44,Tina Turnerová zažila lidské peklo i muzikantský ráj. První zkušenost měla z gospelového kostelního sboru
45,"Film, o němž rozhodovaly české soudy. Muž, který stál v cestě dělá z komunisty Kriegla čistě kladnou postavu"
46,Duchové a ochotníci řádí v pekárně. Klicperovo divadlo uvádí Levínského hru Celý život nestačí
47,Krystaly na Evropské. Administrativní komplex společnosti KKCG se stal novou dominantou Prahy
48,"Jak bude vypadat konec světa? Počítačová vědkyně si to otestovala na hráčích videohry, překvapilo ji málo vražd"
49,Ředidlo spouští Parkinsonovu chorobu. Vědcům to potvrdily případy z vojenských základen
50,Muž čeká před Strakovou akademií na demisi vlády
51,Ukrajinské námořní drony ničí ruské válečné lodě
52,Prigožin ruské elitě: Pošlete své děti do války!
53,"Ukrajinci ničí munici na polích, zní mohutné exploze"
54,Šakal je adeptem na útočné vozidlo české armády
55,Největší letadlová loď na světě kotví v Norsku
56,"
Zelení Khmerové. Poslední generace narazila na německý právní stát
"
57,"
BIG Expert: Proč není posílení koruny mnohem větší?
"
58,"
KOMENTÁŘ: Smlouva s USA je klíčová pro bezpečnost naší země
"
59,"Šakal se ukázal Čechům, je adeptem na budoucí útočné vozidlo armády"
60,"Uprostřed domu mají patio se vzrostlým stromem, všude je tak světlo"
61,"Deset zabijáků erekce. Škodit může stres, kouření i kastrační partnerka"
62,"Jsme jako Charta 77, šokoval kápo ekoteroristů. Ne, jste extremisté, odpálil ho Macinka"
63,Stupka: Kuchařovou by měli odvolat. Je homofobní a OSN by reprezentovat neměla
64,"Alex Mynářová slaví 40 let: Cítím se lépe než ve třiceti, plastikám se chci vyhnout"
65,"Zbytečná demonstrace síly, zlobí se Rusové. Do Osla připlula americká vojenská chlouba"
